CustomerID,NameStyle,Title,FirstName,MiddleName,LastName,Suffix,CompanyName,SalesPerson,EmailAddress,Phone,PasswordHash,PasswordSalt,rowguid,ModifiedDate
10001,0,,Leila,,Textor,,Heidrich,adventure-works\jessica7,leila81@gmail.com,(05788) 107091,L/Rlwxzp4w7RWmEgXX+/A7cXaePEPcp+KwQhl2fJL7w=,cWMbFAyt=,95AA21CC-3057-4550-866B-157658BC801D,2025-11-30 00:00:00.000
10002,0,Ms.,Sigmund,P.,Weihmann,,Bärer GmbH,adventure-works\brandon3,sigmund85@gmail.com,(03367) 591607,L/Rlwxzp4w7RWmEgXX+/A7cXaePEPcp+KwQhl2fJL7w=,VmhznmBu=,CB647ECC-2C9F-4E09-9FF6-94DABE7D496E,2025-11-30 00:00:00.000
10003,0,,Jacob,L.,Melton,,Wright-Vargas,adventure-works\derrick7,jacob74@outlook.com,379.927.3578,L/Rlwxzp4w7RWmEgXX+/A7cXaePEPcp+KwQhl2fJL7w=,aGVZahyp=,DA86D678-1DBE-4123-BEC4-030879397E63,2025-11-30 00:00:00.000
10004,0,Ms.,Lindsey,,Owen,,,adventure-works\kenneth1,lindsey62@gmail.com,01632 960 727,L/Rlwxzp4w7RWmEgXX+/A7cXaePEPcp+KwQhl2fJL7w=,SHUPSjCT=,16039B7C-9144-4FC8-996D-A34A7F10D151,2025-11-30 00:00:00.000
10005,0,Mr.,Eleanor,C.,Wright,,,adventure-works\brian8,eleanor74@gmail.com,+44(0)121 49601,L/Rlwxzp4w7RWmEgXX+/A7cXaePEPcp+KwQhl2fJL7w=,FWDgkRzn=,18274212-78A9-4DD1-A792-56E978EC7F1B,2025-11-30 00:00:00.000
10006,0,,William,,Moreno,,,adventure-works\aaron4,william67@outlook.com,971.671.3582,L/Rlwxzp4w7RWmEgXX+/A7cXaePEPcp+KwQhl2fJL7w=,bTBSxgys=,CC91E748-12C0-496D-9B52-6E211A568864,2025-11-30 00:00:00.000
10007,0,Mr.,Virginia,C.,Cooke,,,adventure-works\derrick8,virginia21@gmail.com,(331)249-3191x3,L/Rlwxzp4w7RWmEgXX+/A7cXaePEPcp+KwQhl2fJL7w=,XVPhbwpY=,D108D446-C448-4A46-B1BA-7339E8FC03DB,2025-11-30 00:00:00.000
10008,0,Ms.,Joseph,,Campbell,,,adventure-works\jim5,joseph57@gmail.com,+1-396-377-4127,L/Rlwxzp4w7RWmEgXX+/A7cXaePEPcp+KwQhl2fJL7w=,YhqXVGGi=,E8BB36A3-7E82-4EE2-9279-3EF34848F086,2025-11-30 00:00:00.000
10009,0,Mr.,Alice,,Dawson,,,adventure-works\nicole5,alice17@outlook.com,+44(0)141496085,L/Rlwxzp4w7RWmEgXX+/A7cXaePEPcp+KwQhl2fJL7w=,Iiamjmja=,29CF8DC3-5192-4054-B312-7F0B67D0105A,2025-11-30 00:00:00.000
10010,0,Mr.,Kristian,,Döring,,,adventure-works\sonya7,kristian7@outlook.com,+49(0)6409 3106,L/Rlwxzp4w7RWmEgXX+/A7cXaePEPcp+KwQhl2fJL7w=,QKFLmlzz=,0A4E6C04-FB00-4716-95EF-DB625E88B92A,2025-11-30 00:00:00.000
10011,0,Ms.,Olga,,Rychcik,,,adventure-works\stephanie9,olga89@gmail.com,+48 515 630 466,L/Rlwxzp4w7RWmEgXX+/A7cXaePEPcp+KwQhl2fJL7w=,UjKjSSxP=,FD2F8244-D8FC-408D-89F3-DEF7D1C3C151,2025-11-30 00:00:00.000
10012,0,Mr.,Heather,,Lopez,,,adventure-works\victor1,heather86@outlook.com,938-836-8634,L/Rlwxzp4w7RWmEgXX+/A7cXaePEPcp+KwQhl2fJL7w=,RmDbDsUn=,822886E8-9727-4F94-83FD-D9812E8202E1,2025-11-30 00:00:00.000
10013,0,Ms.,Rodney,,Douglas,,Anderson PLC,adventure-works\ashley4,rodney66@outlook.com,001-774-913-403,L/Rlwxzp4w7RWmEgXX+/A7cXaePEPcp+KwQhl2fJL7w=,MGaTlHle=,602670DA-33F3-491A-A553-06853E86DDE4,2025-11-30 00:00:00.000
10014,0,Ms.,Timothy,P.,Alexander,,"Mays, Morris and Orr",adventure-works\jeff9,timothy77@gmail.com,001-481-624-296,L/Rlwxzp4w7RWmEgXX+/A7cXaePEPcp+KwQhl2fJL7w=,IfBPLSbY=,A2F6A02C-20EF-47D8-881D-192C51D40F93,2025-11-30 00:00:00.000
10015,0,Mr.,Melania,,Ziniewicz,,,adventure-works\kristen8,melania82@gmail.com,+48 888 609 216,L/Rlwxzp4w7RWmEgXX+/A7cXaePEPcp+KwQhl2fJL7w=,ppocnTdE=,2EF6A41E-67D2-4172-911B-50E05C694E68,2025-11-30 00:00:00.000
10016,0,Ms.,Karen,R.,Smith,,,adventure-works\matthew9,karen87@gmail.com,+44(0)121496011,L/Rlwxzp4w7RWmEgXX+/A7cXaePEPcp+KwQhl2fJL7w=,iYCormTo=,2230DB03-48AB-4948-A5C8-B7D4449C1484,2025-11-30 00:00:00.000
10017,0,Mr.,Lawrence,T.,Randall,,,adventure-works\shelby0,lawrence17@gmail.com,+44289018737,L/Rlwxzp4w7RWmEgXX+/A7cXaePEPcp+KwQhl2fJL7w=,wGYveIxl=,A0E3B49A-A1CB-4937-9000-4D8CD6E478E0,2025-11-30 00:00:00.000
10018,0,,Travis,,Gonzalez,,,adventure-works\nicole7,travis89@gmail.com,751-405-4992x12,L/Rlwxzp4w7RWmEgXX+/A7cXaePEPcp+KwQhl2fJL7w=,TfRUBImq=,85CF4315-2E08-4441-A377-A1602553521B,2025-11-30 00:00:00.000
10019,0,Ms.,Mateusz,A.,Jarczyk,,,adventure-works\ashley6,mateusz4@gmail.com,735 534 485,L/Rlwxzp4w7RWmEgXX+/A7cXaePEPcp+KwQhl2fJL7w=,klFbFcfV=,27FB98E7-C5DB-463C-9C9E-A239F0A49B5F,2025-11-30 00:00:00.000
10020,0,,Paige,J.,Dobson,,,adventure-works\jose4,paige9@outlook.com,(0808) 157 0538,L/Rlwxzp4w7RWmEgXX+/A7cXaePEPcp+KwQhl2fJL7w=,AwSbYKus=,39188749-B62F-4BBC-BD22-98091777EE0E,2025-11-30 00:00:00.000
10021,0,Ms.,Marianna,,Albin,,,adventure-works\eduardo8,marianna62@outlook.com,722 550 335,L/Rlwxzp4w7RWmEgXX+/A7cXaePEPcp+KwQhl2fJL7w=,ZHpesNMz=,DB3991A4-F561-4994-B868-8B187EA4FA40,2025-11-30 00:00:00.000
10022,0,Mr.,Kayleigh,,Gray,,Little LLC,adventure-works\susan3,kayleigh92@gmail.com,0161 4960321,L/Rlwxzp4w7RWmEgXX+/A7cXaePEPcp+KwQhl2fJL7w=,NAjKnEhQ=,76677FFB-AA54-4F52-88F3-C62A1040CB2B,2025-11-30 00:00:00.000
10023,0,Ms.,Max,,Juncken,,Graf,adventure-works\daniel6,max63@outlook.com,(09681) 57607,L/Rlwxzp4w7RWmEgXX+/A7cXaePEPcp+KwQhl2fJL7w=,kdjRkaaA=,0E5FDDE0-5D4A-4369-AB34-1F8A8A907D55,2025-11-30 00:00:00.000
10024,0,Ms.,Bernhard,,Klemt,,,adventure-works\michael7,bernhard25@gmail.com,00617502807,L/Rlwxzp4w7RWmEgXX+/A7cXaePEPcp+KwQhl2fJL7w=,fRmlXHNB=,11DF88B5-EFD0-4282-804B-A78D6E58A0AF,2025-11-30 00:00:00.000
10025,0,,Bradley,Y.,Lopez,,Summers-White,adventure-works\paul0,bradley29@outlook.com,411-795-3329,L/Rlwxzp4w7RWmEgXX+/A7cXaePEPcp+KwQhl2fJL7w=,mwwIyEJq=,4B8D96EF-852C-4B5C-91E7-EBB2AC786290,2025-11-30 00:00:00.000
10026,0,Mr.,Sharon,M.,Myers,,,adventure-works\tina0,sharon79@gmail.com,811.573.4674x63,L/Rlwxzp4w7RWmEgXX+/A7cXaePEPcp+KwQhl2fJL7w=,SzUZXBHD=,A7F2A963-C6B3-4128-9CE4-8054548EB878,2025-11-30 00:00:00.000
10027,0,Mr.,Carol,,Lewis,,Stone-Riley,adventure-works\anna7,carol78@outlook.com,+44(0)289018818,L/Rlwxzp4w7RWmEgXX+/A7cXaePEPcp+KwQhl2fJL7w=,WrlnWzmB=,E8771982-E46E-425E-AC84-46AEA1AAFBCB,2025-11-30 00:00:00.000
10028,0,Mr.,Tobiasz,J.,Humeniuk,,,adventure-works\zachary1,tobiasz75@outlook.com,32 903 86 79,L/Rlwxzp4w7RWmEgXX+/A7cXaePEPcp+KwQhl2fJL7w=,NgplGhBe=,4EFB5FD4-86B7-41D6-B2B1-5B6963088D0E,2025-11-30 00:00:00.000
10029,0,Mr.,Thomas,,Walls,,,adventure-works\danny4,thomas5@gmail.com,221-774-1031x62,L/Rlwxzp4w7RWmEgXX+/A7cXaePEPcp+KwQhl2fJL7w=,XakdVpyb=,07AD77A1-ECC3-437F-86AA-D2B7963B9E73,2025-11-30 00:00:00.000
10030,0,,Adrianna,K.,Zagrodnik,,PPUH Kubiaczyk,adventure-works\rachel8,adrianna38@gmail.com,505 883 830,L/Rlwxzp4w7RWmEgXX+/A7cXaePEPcp+KwQhl2fJL7w=,zQoqMGdA=,442424FD-2A7E-495E-8365-0DEE6F4FB5F4,2025-11-30 00:00:00.000
10031,0,,Martha,J.,Caspar,,,adventure-works\dawn7,martha10@gmail.com,+49(0) 40354575,L/Rlwxzp4w7RWmEgXX+/A7cXaePEPcp+KwQhl2fJL7w=,seIuVolF=,F8091EF6-63B5-4668-8EC5-F3D64B77CBA4,2025-11-30 00:00:00.000
10032,0,Ms.,Ann,,Mellor,,Roberts-Finch,adventure-works\cynthia5,ann35@gmail.com,0141 4960830,L/Rlwxzp4w7RWmEgXX+/A7cXaePEPcp+KwQhl2fJL7w=,EBHntJIK=,A5FA18CD-C22D-494A-9A77-0BFE146978D9,2025-11-30 00:00:00.000
10033,0,Ms.,Ignacy,,Graboń,,,adventure-works\john0,ignacy9@gmail.com,+48 737 508 909,L/Rlwxzp4w7RWmEgXX+/A7cXaePEPcp+KwQhl2fJL7w=,wKuLxHjQ=,22E3EE5C-444A-405A-B6D2-F63F2D17E118,2025-11-30 00:00:00.000
10034,0,Mr.,Ernest,,Galuba,,,adventure-works\brian4,ernest49@gmail.com,+48 784 511 719,L/Rlwxzp4w7RWmEgXX+/A7cXaePEPcp+KwQhl2fJL7w=,DsrnXNvH=,E319FDEC-5B05-46A5-AF05-41142C2D0DD0,2025-11-30 00:00:00.000
10035,0,Ms.,Lynda,C.,Middleton,,Connor PLC,adventure-works\michael3,lynda89@outlook.com,0131 496 0165,L/Rlwxzp4w7RWmEgXX+/A7cXaePEPcp+KwQhl2fJL7w=,jqFrExWc=,302E1D63-4CAB-47C8-BE82-9E1DF66B009F,2025-11-30 00:00:00.000
10036,0,Mr.,Tobiasz,,Kocaj,,Spółdzielnia Wawrzynkiewicz s.c.,adventure-works\robert1,tobiasz26@outlook.com,+48 506 911 388,L/Rlwxzp4w7RWmEgXX+/A7cXaePEPcp+KwQhl2fJL7w=,PmleWNnv=,4578CF6C-94DC-48E9-94A3-4754FBE820EB,2025-11-30 00:00:00.000
10037,0,Mr.,Franciszek,,Ulrych,,,adventure-works\barbara3,franciszek93@gmail.com,+48 730 885 807,L/Rlwxzp4w7RWmEgXX+/A7cXaePEPcp+KwQhl2fJL7w=,WHRHYAAw=,28CF1BD7-6B28-4C46-9525-AEF2EE6F457A,2025-11-30 00:00:00.000
10038,0,,Ryan,C.,House,,,adventure-works\matthew3,ryan96@outlook.com,924.971.6266,L/Rlwxzp4w7RWmEgXX+/A7cXaePEPcp+KwQhl2fJL7w=,BHlQzlqf=,1FF12745-9349-45A5-9394-7D086EFB0BB6,2025-11-30 00:00:00.000
10039,0,,Kendra,,Woodward,,,adventure-works\marc1,kendra55@outlook.com,(716)807-1495,L/Rlwxzp4w7RWmEgXX+/A7cXaePEPcp+KwQhl2fJL7w=,giOCkIvx=,5D03DBC1-9200-47FA-97A4-E470EF5BBC35,2025-11-30 00:00:00.000
10040,0,Ms.,Emily,,Adkins,,,adventure-works\joseph0,emily10@gmail.com,400-549-5322,L/Rlwxzp4w7RWmEgXX+/A7cXaePEPcp+KwQhl2fJL7w=,kTJVMFDj=,11609DAF-61ED-4CC3-A794-BBAB30DFA147,2025-11-30 00:00:00.000
10041,0,Mr.,Marion,,Bohlander,,,adventure-works\stephanie1,marion54@gmail.com,+49(0)062927773,L/Rlwxzp4w7RWmEgXX+/A7cXaePEPcp+KwQhl2fJL7w=,YXuqyhtD=,60B8B9D5-92B8-4A53-844C-E2596D5014AF,2025-11-30 00:00:00.000
10042,0,Ms.,Jan,,Frelek,,,adventure-works\kristina4,jan12@gmail.com,724 500 856,L/Rlwxzp4w7RWmEgXX+/A7cXaePEPcp+KwQhl2fJL7w=,kRLwFADk=,3A2B2FAA-7612-48EB-AE3F-F7974ECB378D,2025-11-30 00:00:00.000
10043,0,Ms.,Peggy,,Pugh,,,adventure-works\sandy4,peggy34@gmail.com,(472)435-9798x2,L/Rlwxzp4w7RWmEgXX+/A7cXaePEPcp+KwQhl2fJL7w=,bRbToOkL=,8777ADC3-DC30-4D70-BD63-8B243FE2AEE2,2025-11-30 00:00:00.000
10044,0,Ms.,Sylvana,,Mangold,,,adventure-works\jared5,sylvana86@outlook.com,09181 70697,L/Rlwxzp4w7RWmEgXX+/A7cXaePEPcp+KwQhl2fJL7w=,uIzeBdeu=,0E7B646C-432B-41A1-98AA-D60D687606D8,2025-11-30 00:00:00.000
10045,0,Mr.,Sylwia,,Kolbusz,,,adventure-works\evan2,sylwia66@outlook.com,+48 728 252 196,L/Rlwxzp4w7RWmEgXX+/A7cXaePEPcp+KwQhl2fJL7w=,oJkHpMhz=,F9DA0AD5-DBF9-4300-9E52-3A0C14FD7707,2025-11-30 00:00:00.000
10046,0,Ms.,Jonas,,Kusch,,,adventure-works\tammie5,jonas82@outlook.com,04177 32125,L/Rlwxzp4w7RWmEgXX+/A7cXaePEPcp+KwQhl2fJL7w=,uCAFWTLu=,6FF3D657-25CD-4163-B051-9E63F20547BC,2025-11-30 00:00:00.000
10047,0,Mr.,Natasza,A.,Kacperczyk,,,adventure-works\anne1,natasza1@outlook.com,+48 730 854 523,L/Rlwxzp4w7RWmEgXX+/A7cXaePEPcp+KwQhl2fJL7w=,QWeiYhtI=,1B836715-407D-4C47-9652-E6B1905B2F47,2025-11-30 00:00:00.000
10048,0,Ms.,Frank,,Collins,,,adventure-works\blake9,frank27@gmail.com,369.255.0445,L/Rlwxzp4w7RWmEgXX+/A7cXaePEPcp+KwQhl2fJL7w=,pigyjwvj=,0E6B115A-2DAF-48D8-82D7-0B6B81D13A43,2025-11-30 00:00:00.000
10049,0,Ms.,Kristine,,Gunpf,,,adventure-works\lisa0,kristine75@outlook.com,0290543254,L/Rlwxzp4w7RWmEgXX+/A7cXaePEPcp+KwQhl2fJL7w=,cnFbyhXl=,8CD53433-4B2C-4D32-9D01-05CCABD8544A,2025-11-30 00:00:00.000
10050,0,,Dittmar,S.,Atzler,,,adventure-works\colleen0,dittmar21@outlook.com,+49 (0) 9014 69,L/Rlwxzp4w7RWmEgXX+/A7cXaePEPcp+KwQhl2fJL7w=,hhtgiEse=,C548C94D-7BE0-4C65-9671-A561B517502A,2025-11-30 00:00:00.000
10051,0,,Zachary,,Giles,,,adventure-works\melissa8,zachary32@outlook.com,984-791-1740x74,L/Rlwxzp4w7RWmEgXX+/A7cXaePEPcp+KwQhl2fJL7w=,PfDZILUj=,909B6344-04CD-460E-B46F-0DD073D259B6,2025-11-30 00:00:00.000
10052,0,,Kenneth,,Stanton,,,adventure-works\desiree1,kenneth36@outlook.com,896-717-2573x29,L/Rlwxzp4w7RWmEgXX+/A7cXaePEPcp+KwQhl2fJL7w=,xMHakSdQ=,F0B36370-E0AB-4D9C-AFC7-A5CA8E2F62FF,2025-11-30 00:00:00.000
10053,0,Mr.,Allan,M.,Lewis,,,adventure-works\jim7,allan71@outlook.com,+44(0)909 87904,L/Rlwxzp4w7RWmEgXX+/A7cXaePEPcp+KwQhl2fJL7w=,fexIfReN=,2ABC796A-A103-4834-878D-9CF6B5ADA3C2,2025-11-30 00:00:00.000
10054,0,Mr.,Sydney,,King,,,adventure-works\harold1,sydney3@outlook.com,001-246-800-508,L/Rlwxzp4w7RWmEgXX+/A7cXaePEPcp+KwQhl2fJL7w=,KAOtPPqO=,BDA38601-248E-4725-AC6F-365277ADD46B,2025-11-30 00:00:00.000
10055,0,,Lee,,Pritchard,,,adventure-works\thomas8,lee10@gmail.com,0191 498 0306,L/Rlwxzp4w7RWmEgXX+/A7cXaePEPcp+KwQhl2fJL7w=,nQlKfJDp=,282BBB03-E74D-4BF6-8F16-1818CECE894F,2025-11-30 00:00:00.000
10056,0,Mr.,Aleks,,Walasik,,Gabinety Reimann,adventure-works\sarah7,aleks59@gmail.com,+48 606 835 725,L/Rlwxzp4w7RWmEgXX+/A7cXaePEPcp+KwQhl2fJL7w=,uQHiWAAJ=,01627CEC-5A44-41EE-AB60-0DB49BB2C16F,2025-11-30 00:00:00.000
10057,0,Ms.,Albert,,Hussain,,,adventure-works\vincent0,albert19@outlook.com,+44(0)115 49605,L/Rlwxzp4w7RWmEgXX+/A7cXaePEPcp+KwQhl2fJL7w=,YFkjaazC=,B01EB02A-1A08-4B0F-9476-C425FDC6412C,2025-11-30 00:00:00.000
10058,0,,Marion,G.,Ali,,,adventure-works\danielle3,marion45@outlook.com,+44116 4960418,L/Rlwxzp4w7RWmEgXX+/A7cXaePEPcp+KwQhl2fJL7w=,LSNnCqeq=,AF663B42-8F29-4870-A39C-86B2CD14A1A6,2025-11-30 00:00:00.000
10059,0,Ms.,Kathleen,,Clark,,,adventure-works\krista4,kathleen71@gmail.com,+449098790960,L/Rlwxzp4w7RWmEgXX+/A7cXaePEPcp+KwQhl2fJL7w=,onYtJkFb=,CD3E2FF7-3379-4819-A212-BE397CD77C3B,2025-11-30 00:00:00.000
10060,0,Ms.,Elli,,Zorbach,,,adventure-works\leslie7,elli8@outlook.com,+49(0)4046 0238,L/Rlwxzp4w7RWmEgXX+/A7cXaePEPcp+KwQhl2fJL7w=,YHdEkYMA=,DE9F2F04-D5C6-41DC-8108-DBE2F85BF8D5,2025-11-30 00:00:00.000
10061,0,Ms.,Gavin,,Fitzgerald,,"Hall, Chan and Patel",adventure-works\kristina8,gavin38@gmail.com,01184960340,L/Rlwxzp4w7RWmEgXX+/A7cXaePEPcp+KwQhl2fJL7w=,cYqQJpFj=,029AB04B-70EE-456F-B62F-C360D722ADAC,2025-11-30 00:00:00.000
10062,0,Ms.,Berta,H.,Stroh,,,adventure-works\sarah7,berta58@gmail.com,01642479144,L/Rlwxzp4w7RWmEgXX+/A7cXaePEPcp+KwQhl2fJL7w=,VUmqzhMP=,11A0EC77-05CD-4D05-B548-0ADBD1EA3B6F,2025-11-30 00:00:00.000
10063,0,Mr.,Malcolm,,Mills,,,adventure-works\jacqueline3,malcolm77@gmail.com,(0116) 4960885,L/Rlwxzp4w7RWmEgXX+/A7cXaePEPcp+KwQhl2fJL7w=,LuYZgLKa=,2CB5FB76-1D41-4699-B12C-57D16170AACC,2025-11-30 00:00:00.000
10064,0,Ms.,Henrik,L.,Hauffer,,,adventure-works\eric2,henrik56@gmail.com,(09030) 83853,L/Rlwxzp4w7RWmEgXX+/A7cXaePEPcp+KwQhl2fJL7w=,adJTGCLq=,C1C4812D-7EF7-4E7B-A099-3143CA09740D,2025-11-30 00:00:00.000
10065,0,Ms.,Duncan,,James,,,adventure-works\maria2,duncan15@gmail.com,+44(0)116496044,L/Rlwxzp4w7RWmEgXX+/A7cXaePEPcp+KwQhl2fJL7w=,GziFmEyI=,B2518C79-5D33-4106-A629-38DF717999F0,2025-11-30 00:00:00.000
10066,0,Mr.,Juliusz,,Żach,,,adventure-works\joshua1,juliusz12@gmail.com,+48 724 201 046,L/Rlwxzp4w7RWmEgXX+/A7cXaePEPcp+KwQhl2fJL7w=,GvNjRIMF=,07D1FFCC-4945-4B51-95B8-70E0D03B84A9,2025-11-30 00:00:00.000
10067,0,Ms.,Amalie,,Kroker,,Geisel Trüb OHG mbH,adventure-works\george0,amalie43@outlook.com,(07683) 246131,L/Rlwxzp4w7RWmEgXX+/A7cXaePEPcp+KwQhl2fJL7w=,eyQgCXsw=,25B1AD00-6829-40E0-8770-58BDFEF0BF54,2025-11-30 00:00:00.000
10068,0,Ms.,Trevor,,Preston,,,adventure-works\gregory6,trevor8@gmail.com,+441164960568,L/Rlwxzp4w7RWmEgXX+/A7cXaePEPcp+KwQhl2fJL7w=,kXWhgSRp=,259F820C-14DE-4BA9-A252-19B0EAAD619D,2025-11-30 00:00:00.000
10069,0,,Traude,R.,Reuter,,,adventure-works\cynthia6,traude94@gmail.com,+49(0)847460342,L/Rlwxzp4w7RWmEgXX+/A7cXaePEPcp+KwQhl2fJL7w=,mGmdElhR=,EFD283E3-BAC4-4E0A-942F-5184FC10ADA4,2025-11-30 00:00:00.000
10070,0,,Molly,,Collins,,,adventure-works\ryan2,molly17@gmail.com,+4429 2018 0974,L/Rlwxzp4w7RWmEgXX+/A7cXaePEPcp+KwQhl2fJL7w=,XTfCTEaG=,FD3885B3-1513-4599-BEBF-F53621FBE7B7,2025-11-30 00:00:00.000
10071,0,,Eugenia,T.,Roht,,,adventure-works\martha4,eugenia37@outlook.com,(07921) 59183,L/Rlwxzp4w7RWmEgXX+/A7cXaePEPcp+KwQhl2fJL7w=,YVsOkOfR=,AD5E9095-A4B2-466B-813A-74BC705C3427,2025-11-30 00:00:00.000
10072,0,Ms.,Holly,,Hussain,,,adventure-works\kirk6,holly10@gmail.com,(0115) 496 0568,L/Rlwxzp4w7RWmEgXX+/A7cXaePEPcp+KwQhl2fJL7w=,MwCeduzq=,D6ED0ADE-ECEA-40A0-89CB-F996EC1B1832,2025-11-30 00:00:00.000
10073,0,Mr.,Oliwier,,Frelek,,,adventure-works\jesse4,oliwier36@outlook.com,516 018 574,L/Rlwxzp4w7RWmEgXX+/A7cXaePEPcp+KwQhl2fJL7w=,RkpigeLt=,B5D8E03F-EC4F-4030-BE26-FA9281EC0D2B,2025-11-30 00:00:00.000
10074,0,Mr.,Louis,,Lewis,,,adventure-works\brett0,louis60@outlook.com,+44(0)909879046,L/Rlwxzp4w7RWmEgXX+/A7cXaePEPcp+KwQhl2fJL7w=,RGBmUIbM=,FC3B44DD-FC0B-4AE8-A8C8-264E69B72D88,2025-11-30 00:00:00.000
10075,0,Mr.,Ronald,D.,Rogers,,,adventure-works\brian4,ronald40@outlook.com,001-315-749-964,L/Rlwxzp4w7RWmEgXX+/A7cXaePEPcp+KwQhl2fJL7w=,YPrDqxrh=,E6F82E0F-4291-400B-8B66-C71F5BEA3487,2025-11-30 00:00:00.000
10076,0,Ms.,Kajetan,,Chlebek,,,adventure-works\gerald7,kajetan92@gmail.com,797 711 938,L/Rlwxzp4w7RWmEgXX+/A7cXaePEPcp+KwQhl2fJL7w=,JEMzDChN=,95B5A988-D780-4915-8A5E-3E86145D5170,2025-11-30 00:00:00.000
10077,0,Ms.,Bradley,,Atkinson,,Murphy-Williams,adventure-works\adam9,bradley89@outlook.com,(028) 9018 0307,L/Rlwxzp4w7RWmEgXX+/A7cXaePEPcp+KwQhl2fJL7w=,sdTbwCju=,70EF2245-53AA-4073-B03E-FD87DC339B35,2025-11-30 00:00:00.000
10078,0,,Mark,K.,Williams,,,adventure-works\william4,mark18@outlook.com,(974)779-1131x5,L/Rlwxzp4w7RWmEgXX+/A7cXaePEPcp+KwQhl2fJL7w=,PBTHpJZD=,EF2BDBFC-A292-4818-B7AB-07D7D05EC248,2025-11-30 00:00:00.000
10079,0,Mr.,Kazimierz,F.,Prejs,,,adventure-works\michele1,kazimierz85@gmail.com,510 362 001,L/Rlwxzp4w7RWmEgXX+/A7cXaePEPcp+KwQhl2fJL7w=,wohkYOFh=,85B9098E-761A-47BD-9866-7C2FE65447C9,2025-11-30 00:00:00.000
10080,0,Ms.,Wendy,,Pope,,Krueger-Cunningham,adventure-works\lisa7,wendy74@outlook.com,372.762.4373x54,L/Rlwxzp4w7RWmEgXX+/A7cXaePEPcp+KwQhl2fJL7w=,zIeDaNHA=,4528DCBE-3C67-40EE-9110-D6BD48A04B7F,2025-11-30 00:00:00.000
10081,0,,Jonathan,,Brock,,,adventure-works\gary3,jonathan61@gmail.com,+1-887-369-3251,L/Rlwxzp4w7RWmEgXX+/A7cXaePEPcp+KwQhl2fJL7w=,OXVBbHaa=,F911044F-44B4-4F12-85D7-22BAFEC5AEC7,2025-11-30 00:00:00.000
10082,0,Mr.,Ashley,T.,Jones,,"Morris, Singh and Robson",adventure-works\annette8,ashley94@outlook.com,0151 4960691,L/Rlwxzp4w7RWmEgXX+/A7cXaePEPcp+KwQhl2fJL7w=,IkDPuooM=,04137839-EFD0-4ED8-BC58-42C9A18E2DCB,2025-11-30 00:00:00.000
10083,0,,Mary,,Smith,,,adventure-works\regina7,mary99@outlook.com,(0116) 496 0347,L/Rlwxzp4w7RWmEgXX+/A7cXaePEPcp+KwQhl2fJL7w=,wUVSZKZd=,C5AC13F7-4706-4CB6-80CC-3B9903E638AD,2025-11-30 00:00:00.000
10084,0,,Marcus,,Mason,,,adventure-works\andrew6,marcus68@outlook.com,+44(0)113496050,L/Rlwxzp4w7RWmEgXX+/A7cXaePEPcp+KwQhl2fJL7w=,zfZncIfE=,4EFFF155-5267-49C8-960D-39EEC3A186FA,2025-11-30 00:00:00.000
10085,0,Ms.,Karen,,Reese,,Johnson-Baker,adventure-works\matthew1,karen35@outlook.com,001-780-418-415,L/Rlwxzp4w7RWmEgXX+/A7cXaePEPcp+KwQhl2fJL7w=,pvLAiYmT=,1E6849C0-F686-4752-BFAD-AF88A91E8F0B,2025-11-30 00:00:00.000
10086,0,Mr.,Kacper,M.,Posłuszny,,,adventure-works\shane6,kacper60@gmail.com,733 268 451,L/Rlwxzp4w7RWmEgXX+/A7cXaePEPcp+KwQhl2fJL7w=,wUJSsXFn=,9C90AB68-2F9F-448A-8F21-636ADD2EEAE2,2025-11-30 00:00:00.000
10087,0,Mr.,David,,Vaughn,,,adventure-works\tony2,david35@outlook.com,(856)333-1530x7,L/Rlwxzp4w7RWmEgXX+/A7cXaePEPcp+KwQhl2fJL7w=,dAepNaFF=,AB8FC397-9494-4E2E-9146-9F91F5CB2E40,2025-11-30 00:00:00.000
10088,0,,Hans-Hinrich,,Köster,,,adventure-works\tracy5,hans-hinrich35@gmail.com,05374 694235,L/Rlwxzp4w7RWmEgXX+/A7cXaePEPcp+KwQhl2fJL7w=,cclvgDjl=,E6E8E760-A0C2-40D6-BBEE-A7157AD2F2EF,2025-11-30 00:00:00.000
10089,0,Ms.,Bekir,,Fischer,,,adventure-works\tracy2,bekir14@gmail.com,0333545136,L/Rlwxzp4w7RWmEgXX+/A7cXaePEPcp+KwQhl2fJL7w=,JvAhBbOp=,F36E459F-43A7-433B-BEC0-5DFE7CFA62C4,2025-11-30 00:00:00.000
10090,0,,Jeremiah,,Garcia,,Martin Inc,adventure-works\tracy0,jeremiah39@gmail.com,826.666.7652,L/Rlwxzp4w7RWmEgXX+/A7cXaePEPcp+KwQhl2fJL7w=,uUriOfFE=,8DBCB99A-62F4-45C2-BB1E-2F6C3B8DD944,2025-11-30 00:00:00.000
10091,0,Ms.,Eliza,,Niewiara,,,adventure-works\caleb6,eliza65@gmail.com,739 920 865,L/Rlwxzp4w7RWmEgXX+/A7cXaePEPcp+KwQhl2fJL7w=,tgApzpgp=,27FBB382-CDC0-40E2-84E8-C13096F8CE4D,2025-11-30 00:00:00.000
10092,0,Ms.,Oscar,,Allen,,,adventure-works\john2,oscar10@outlook.com,322-549-6971x44,L/Rlwxzp4w7RWmEgXX+/A7cXaePEPcp+KwQhl2fJL7w=,JZEOEzSx=,B0EF32B8-D24F-4E3E-86C5-6E7368B95071,2025-11-30 00:00:00.000
10093,0,Mr.,Grazyna,,Kohl,,,adventure-works\jacob0,grazyna34@gmail.com,00073 264578,L/Rlwxzp4w7RWmEgXX+/A7cXaePEPcp+KwQhl2fJL7w=,wbcnLVtq=,8957B5D9-735A-4744-88E8-92EDE57F2599,2025-11-30 00:00:00.000
10094,0,,Carl,,Dörschner,,,adventure-works\todd7,carl25@outlook.com,+49 (0) 2807 91,L/Rlwxzp4w7RWmEgXX+/A7cXaePEPcp+KwQhl2fJL7w=,LahjuUGJ=,B8C9B52B-5CA3-4A9B-9E7F-2D3ED35203EE,2025-11-30 00:00:00.000
10095,0,Mr.,Donald,N.,Swift,,Howard-Jones,adventure-works\dana1,donald66@outlook.com,029 2018 0858,L/Rlwxzp4w7RWmEgXX+/A7cXaePEPcp+KwQhl2fJL7w=,QaECpXeX=,E17030FF-9CD3-405F-9F71-1ABCB15E00C5,2025-11-30 00:00:00.000
10096,0,Mr.,Barbara,L.,White,,Griffiths-Smith,adventure-works\mark4,barbara26@gmail.com,01214960579,L/Rlwxzp4w7RWmEgXX+/A7cXaePEPcp+KwQhl2fJL7w=,icwhMGXO=,EEE307B2-7F5F-433B-A229-30219B8628FC,2025-11-30 00:00:00.000
10097,0,Mr.,Renee,A.,Castillo,,,adventure-works\michael0,renee9@gmail.com,5352129911,L/Rlwxzp4w7RWmEgXX+/A7cXaePEPcp+KwQhl2fJL7w=,cJEMcHry=,B53BFA8D-9B1B-4AD5-8D5C-AE8D41F108DE,2025-11-30 00:00:00.000
10098,0,Mr.,Friedo,,Weinhold,,Gumprich,adventure-works\elizabeth6,friedo8@outlook.com,09011 911128,L/Rlwxzp4w7RWmEgXX+/A7cXaePEPcp+KwQhl2fJL7w=,DVVAEhcQ=,B1AAD0C9-DC9E-4CC2-8C4C-6C4A6D685DC4,2025-11-30 00:00:00.000
10099,0,,Anna,R.,James,,,adventure-works\richard2,anna32@gmail.com,03069990634,L/Rlwxzp4w7RWmEgXX+/A7cXaePEPcp+KwQhl2fJL7w=,cxFWxTFQ=,74290F56-09FC-4815-9D44-BCBBD151FF1C,2025-11-30 00:00:00.000
10100,0,Ms.,Verena,W.,Misicher,,,adventure-works\gabriel8,verena78@outlook.com,(09474) 105488,L/Rlwxzp4w7RWmEgXX+/A7cXaePEPcp+KwQhl2fJL7w=,wqPltRAK=,E6DDE7A4-58CF-4290-AFFE-C89A64A795D7,2025-11-30 00:00:00.000
